{
    "0": "Sim",
    "1": "Não",
    "2": "Talvez",
    "3": "Claro",
    "4": "Obvio!",
    "5": "Nunca",
    "6": "Jamais",
    "7": "Sei não em... Me parece marmelada",
    "8": "Melhor não",
    "9": "Claro que sim!",
    "10": "Obviamente Óbvio",
    "11": "simKKK",
    "12": "Com certeza.",
    "13": "UAHSUSAHU duvido.",
    "14": "Sem dúvidas.",
    "15": "Nunca, cê é louco?",
    "16": "Você é burro? é lógico",
    "17": "Por que você quer saber sobre isso?",
    "18": "Acho que não eim",
    "19": "Infelizmente não sou capaz de responder a sua pergunta.",
    "20": "Que pergunta é essa cara",
    "21": "Maséclaro",
    "22": "Não doido, ta maluco",
    "23": "Com certeza meu chapa",
    "24": "Sim, relaxa meu caro",
    "25": "Amanhã eu respondo",
    "26": "Te deixarei no vácuo.",
    "27": "Infelizmente meu poder não é o suficiente para prever essa pergunta.",
    "28": "Eu, o Afonso declaro que não.",
    "29": "Eu, o Afonso declaro que sim."
}