{
    "0":{
         "link": "https://is.gd/PXnDBX",
         "type": "image"
        },
    "1":{
        "link": "https://is.gd/d2ds9O",
        "type": "image"
    },
    "2": {
        "link":"https://is.gd/wR3eKl",
        "type":"gif"
    },
    "3":{
        "link":"https://is.gd/Aoe6Pc",
        "type":"image"
    },
    "4": {
        "link":"https://is.gd/0rp9CU",
        "type":"image"
    },
    "5": {
        "link":"https://is.gd/yGNGQ4",
        "type":"image"
    },
    "6": {
        "link":"https://is.gd/hdLjae",
        "type":"gif"
    },
    "7": {
        "link":"https://is.gd/brkrfs",
        "type":"image"
    }
}