{
    "0":{
         "link": "https://is.gd/Z1fSxB",
         "type": "video"
        },

    "1":{
        "link": "https://is.gd/8TyPUr",
        "type": "image"
    },
    "2":{
        "link":"https://is.gd/iKM6Ly",
        "type":"image"
    },
    "3":{
        "link":"https://is.gd/4r8OLO",
        "type":"video"
    },
    "4": {
        "link":"https://is.gd/iutjO8",
        "type":"image"
    },
    "5": {
        "link":"https://is.gd/5xvArC",
        "type":"gif"
    },
    "6": {
        "link":"https://is.gd/BFBIkS",
        "type":"image"
    },
    "7": {
        "link":"https://is.gd/ZsfQdx",
        "type":"image"
    },
    "8": {
        "link":"https://is.gd/zCEyxT",
        "type":"video"
    },
    "9": {
        "link":"https://is.gd/wZRASx",
        "type":"image"
    },
    "10": {
        "link":"https://is.gd/VwZSwT",
        "type":"gif"
    },
    "11": {
        "link":"https://is.gd/tByauX",
        "type":"image"
    },
    "12": {
        "link":"https://is.gd/zQ3328",
        "type":"gif"
    },
    "13":{
        "link":"https://is.gd/h8drqj",
        "type":"image"
    }
}