{
    "0":{
        "link":"https://is.gd/t4WIg8",
        "type":"image"
    },
    "1":{
        "link":"https://is.gd/Gw9UsO",
        "type":"image"
    },
    "2":{
        "link":"https://is.gd/USWK9E",
        "type":"image"
    },
    "3":{
        "link":"https://is.gd/Zyj2cw",
        "type":"gif"
    },
    "4":{
        "link":"https://is.gd/zUkjKk",
        "type":"image"
    },
    "5":{
        "link":"https://is.gd/BYWJE2",
        "type":"gif"
    },
    "6":{
        "link":"https://is.gd/ApRSEh",
        "type":"image"
    },
    "7":{
        "link":"https://is.gd/sYgoQL",
        "type":"image"
    },
    "8":{
        "link":"https://is.gd/0enGQv",
        "type":"video"
    },
    "9":{
        "link":"https://is.gd/KTxaXs",
        "type":"image"
    }

}